"","beta1","beta2_1","beta2_2","beta2_3","beta2_4","nu_m","num_init_1","num_init_2","num_init_3","num_init_4","loglik","loglik_se","lik","num_sims","nparticles","n_reps"
"1",0.027084439263916,0.0170454739135742,0.0111298531555176,0.0138990346252441,0.0159556092834473,0.972857208251953,338,356,12091,346,-934.277142700981,51.8687861573225,1,109,5000,5
"2",0.0259114827514648,0.0162029325927734,0.0108950907348633,0.0153307333374023,0.0160470045776367,0.879216613769531,333,398,10773,357,-934.375109185974,75.8405852558254,0.9066792906075,91,5000,5
